name,RHip-LHip-horizontal,Upper_Hip,RHip-RKnee-RAnkle,RKnee-RAnkle-vertical,LHip-LKnee-LAnkle,LKnee-LAnkle-vertical
sample_4_ks.png,1.569354804748997,L,25.606660988309077,28.673146489435,175.69038775285568,3.93017554572549
sample_2_kg.png,0.0,None,158.66473748440566,14.121000476387565,40.5180462044753,40.5180462044753
sample_1_ki.png,8.498558879493672,R,176.40328292237143,0.0,45.98638843782123,38.58265958503324
sample_7_ys.png,7.305759533310834,R,173.59564727361584,6.404352726384104,166.17144401955102,4.174769891912519
sample_3_ni.png,0.6986943829834757,L,175.35080041185856,8.440365275506622,173.80219854280213,10.033120554331164
sample_5_hy.png,0.0,None,175.5999989759897,4.803485759069105,180.0,0.0
